1	25	4411317	3897561	3897561	1.28934284251166	48.2055097785249	94.89	8.33	k__Bacteria
2	19	2844412	2544311	2544311	2.28300260299844	47.9100721935158	95.69	1.05	o__Bacteroidales
3	6	2514858	2425721	2425721	1.53229327461034	60.1083945834207	99.92	0.00	f__Bifidobacteriaceae
4	2	2508228	2202223	2202223	1.28110363172726	57.8473362290219	96.15	1.40	o__Clostridiales
5	8	3649664	2921416	2921416	1.25137546908428	52.8725499744311	91.25	1.12	o__Bacteroidales
6	5	3204048	3005145	3005145	3.2856873554953	58.8072440285236	99.07	0.85	f__Veillonellaceae
7	16	4271061	1551023	1978015	3.67180426596576	51.2790223992984	86.39	2.56	o__Bacteroidales
8	3	2643684	2045772	2045772	2.27391019501574	50.6173436823247	95.34	0.00	o__Clostridiales
9	66	4910683	373803	597313	4.84014138155527	47.4024924892986	93.84	8.10	o__Bacteroidales
10	2	3613300	3484038	3484038	0.414856225610937	40.7099443905611	99.57	0.40	g__Butyrivibrio
11	6	2307300	2245786	2245786	0.997182854418584	35.8107457365346	89.46	1.57	k__Bacteria
12	11	2796271	2371546	2371546	1.00862899196823	50.4127970890878	96.68	1.08	k__Bacteria
13	17	3343182	2434795	2434795	2.81695701879228	57.689459483916	97.76	0.67	o__Clostridiales
14	7	1721033	1493019	1493019	0.780054769432079	26.9442401300533	92.70	5.06	k__Bacteria
15	10	1390574	1312533	1312533	3.27346836630053	26.1657896262901	96.07	0.00	k__Bacteria
16	20	3857227	1349973	1596475	1.21058470243001	48.5815104032718	99.46	0.82	k__Bacteria
17	3	1039272	981316	981316	0.0668737346912069	36.745277432487	98.88	1.12	k__Bacteria
18	36	2770465	921451	942230	2.65410319206343	57.7578465027324	79.82	7.36	c__Clostridia
19	23	2649964	548022	659423	1.13310973281146	52.9915032308029	96.03	5.00	p__Bacteroidetes
20	25	3249238	382836	860932	5.91249394473412	40.7770105723446	97.47	0.19	c__Gammaproteobacteria
21	50	3126434	465572	958262	7.46236766872418	50.3328577235435	90.46	7.16	p__Bacteroidetes
22	3	3092275	3028050	3028050	1.85319869675239	45.7004667922473	98.58	0.00	o__Clostridiales
23	17	3215768	2845622	2845622	0.603308447624331	39.3937554730105	98.25	1.40	f__Spirochaetaceae
24	6	2932522	2747044	2747044	1.1704601022601	53.6716608044033	98.10	2.02	k__Bacteria
25	4	2755473	2694827	2694827	0.679012278472698	52.5589903108161	96.75	0.00	p__Bacteroidetes
26	17	4029299	2654522	2654522	1.6443803252129	66.7983331995977	87.67	3.57	k__Bacteria
27	4	3147041	3127033	3127033	1.2584519871206	55.6725365630904	93.33	2.38	p__Bacteroidetes
28	4	4452554	3136157	3136157	1.14109789572457	51.1540193368722	98.01	1.08	k__Bacteria
29	2	2896506	2280704	2280704	1.3336067662211	56.7751317585985	95.24	2.14	p__Bacteroidetes
30	3	2840301	1978981	1978981	1.01344892671587	59.0649315173735	96.98	1.34	o__Clostridiales
31	2	2882923	1648255	1648255	0.972034286035388	55.5485656240149	95.56	0.95	p__Bacteroidetes
32	2	1431013	1409053	1409053	1.74890095338058	28.2721165075612	75.83	1.01	o__Clostridiales
33	3	2799273	1101145	1210745	1.44266029072548	56.6791197471156	94.52	1.43	p__Bacteroidetes
34	13	2750162	866291	906339	1.03368456112767	45.6320492744699	92.84	0.67	o__Clostridiales
35	4	2037877	1857865	1857865	3.73305160223115	48.4675313818622	92.91	0.71	o__Clostridiales
36	6	3619236	624409	1493533	4.34809998574285	43.4676596565785	81.89	2.72	o__Bacteroidales
37	28	3017159	818531	1211229	1.62944677426679	47.2316674281232	95.85	1.14	o__Bacteroidales
38	6	1825920	296199	753140	2.38340124430424	56.8801296677908	85.73	0.81	c__Clostridia
39	3	4576348	3460688	3460688	3.5984151554908	43.1235141687777	87.65	3.89	o__Bacteroidales
40	2	2953599	1610337	1610337	0.65401566021657	54.9468660476396	96.43	4.33	p__Bacteroidetes
41	11	3044917	706701	1421199	3.78144954361646	35.998805369013	96.60	0.00	o__Clostridiales
42	6	2637466	621823	782616	1.26447127659655	55.5548216746105	95.76	2.82	o__Clostridiales
43	27	2930162	476968	697007	3.72842866708394	31.4962921578936	99.03	0.72	f__Lachnospiraceae
44	33	4469290	3198469	3198469	1.63202656350338	46.4666143505408	91.67	2.24	k__Bacteria
45	29	3833621	2920920	2920920	1.73593059929503	47.174834991208	99.44	0.00	o__Clostridiales
46	11	3367900	651391	712438	5.23192493838891	51.7607577668787	86.83	1.61	k__Bacteria
47	4	1910301	1266343	1266343	3.10720666533703	33.4505527990042	97.64	0.05	k__Bacteria
48	32	3348327	440863	979721	4.62625066189772	48.6628619742126	91.21	0.55	k__Bacteria
49	8	1564576	368747	615058	5.49957304726648	29.9941631254265	85.33	0.00	k__Bacteria
50	24	3543290	2121426	2121426	4.59143902982821	36.9727640225025	98.66	0.00	o__Clostridiales
51	2	1984789	1376446	1376446	1.55321296117623	40.5235826098883	85.82	0.12	f__Lachnospiraceae
52	10	1183027	1093538	1093538	0.315800062044231	30.4906931368085	92.70	4.49	k__Bacteria
53	28	5356439	987077	2142119	1.42869171104161	39.6517025283755	99.58	0.84	f__Lachnospiraceae
54	39	3050897	507867	750545	5.7963280962943	52.4525783587451	90.43	10.11	c__Clostridia
55	7	3908250	1609809	1770163	2.26548966928932	50.590843438597	91.29	10.00	o__Bacteroidales
56	3	1516820	1470929	1470929	0.978494481876558	35.7472612781279	96.07	1.69	k__Bacteria
57	4	3404216	1218792	1264223	0.925440688839956	57.5013223779558	91.89	3.60	k__Bacteria
58	13	2277846	1401692	1401692	3.23494213392828	46.8909910764151	93.71	6.99	k__Bacteria
59	143	3577143	58329	197532	13.8049834742419	45.988559730602	80.44	1.47	o__Bacteroidales
60	13	2755035	543645	860369	4.58099443382752	48.9062992734022	85.54	3.76	k__Bacteria
61	4	981440	294591	446976	5.82440088033909	29.8288283707157	83.10	1.12	k__Bacteria
62	11	1424643	336206	468176	7.25943271402029	31.811837828919	86.67	0.00	k__Bacteria
63	23	1977862	215273	393702	13.308865835938	52.8392406296165	80.97	0.35	o__Clostridiales
64	15	1291500	1084178	1084178	0.679829655439412	44.8111045278783	87.91	4.40	k__Bacteria
65	4	1256807	707132	707132	1.99155478923972	26.9768797436549	93.41	1.10	k__Bacteria
66	25	2809924	162116	319110	8.97209319540315	40.7638550872522	80.50	1.46	p__Bacteroidetes
67	125	3006647	61286	233394	18.0806725897653	61.8688807462368	74.85	10.08	f__Rhodocyclaceae
68	47	2909539	346701	529846	6.38613196111136	50.1196520068788	83.75	8.98	o__Bacteroidales
69	53	3817127	333006	940598	8.65216169124056	42.0673539511016	95.79	15.66	c__Gammaproteobacteria
70	104	4209608	253982	947543	6.80231983595622	41.4042720117494	94.19	13.33	g__Prevotella
71	6	2511081	1555265	1555265	2.84112698873513	53.1911213417178	93.83	1.48	p__Bacteroidetes
72	1	1389936	1389936	1389936	0.102162977288163	29.9917321802558	73.28	1.72	k__Bacteria
73	1	997409	997409	997409	0.00601558638432178	39.1278278716878	89.01	0.00	k__Bacteria
74	4	1026356	964179	964179	0.0815506510411592	40.3162691281195	87.91	2.20	k__Bacteria
75	3	932748	870302	870302	0.2806760239636	37.9051315407524	87.91	0.00	k__Bacteria
76	11	2318442	660360	970936	0.799588689300832	54.1766525907168	83.78	4.56	k__Bacteria
77	16	1942026	246837	283588	7.67461403709322	48.3672182056383	80.35	0.00	p__Bacteroidetes
78	95	3397287	228314	406546	12.8524025200108	59.3858991965964	81.43	6.83	p__Bacteroidetes
79	11	872591	128070	280968	10.1825482958224	36.1924058902262	64.74	0.00	c__Gammaproteobacteria
80	136	4760843	111137	225609	12.9946104082827	47.6721734155121	78.20	15.77	o__Bacteroidales
81	12	3476814	3395243	3395243	1.63730357735559	51.6817802220424	94.53	2.30	o__Bacteroidales
82	24	2777464	442517	1267990	9.24771662206963	46.1059060259969	86.40	0.64	f__Lachnospiraceae
83	7	2589422	472370	663181	7.21265208992586	40.0517593862792	78.95	1.13	f__Lachnospiraceae
84	79	1531680	58819	152987	16.1964640133709	35.924141595292	81.20	11.24	k__Bacteria
85	90	3495427	527620	1616011	5.38735324754315	43.4868023982225	91.11	3.12	f__Lachnospiraceae
86	79	1402331	51625	147360	16.1105331052369	37.3809086643409	69.30	2.82	o__Clostridiales
87	4	1718201	862783	862783	6.00511814391913	60.6595827546515	84.92	0.81	p__Euryarchaeota
88	29	2417425	657576	689603	2.89829053641788	40.1328555769649	96.59	2.09	f__Lachnospiraceae
89	6	2833153	866155	1243614	4.53900654147517	59.2842965721545	97.65	7.72	o__Clostridiales
90	137	4901627	103551	311320	13.1295384165299	50.8145247161505	90.81	37.73	k__Bacteria
91	2	786618	783083	783083	0.200478504178648	39.9227556267762	63.60	0.00	k__Bacteria
92	14	2459935	570775	610475	2.33428932065278	49.0463527148448	81.13	4.13	k__Bacteria
93	10	3349011	520632	864178	5.43659008584923	57.0981316659399	88.64	1.79	o__Clostridiales
94	12	2895923	560317	1113349	6.21812113098311	43.7215075495673	93.37	1.56	c__Gammaproteobacteria
95	15	1942058	481625	498842	8.40216924520277	45.5416685639247	85.52	0.81	c__Clostridia
96	127	4406661	105215	260349	21.6111246133978	57.552893005073	91.62	30.98	o__Clostridiales
97	72	2958335	127124	345443	14.7945381439222	49.4768638251127	75.56	11.94	o__Clostridiales
98	72	1571488	63145	133162	13.2128912215683	58.4910059691359	74.60	1.61	p__Euryarchaeota
99	2	2469131	1767189	1767189	1.59865960939294	51.8930236271936	96.43	0.48	p__Bacteroidetes
100	4	811991	421212	421212	2.01393857813695	42.7823960142678	65.76	0.42	k__Bacteria
101	21	2463617	231594	434140	11.648807424206	52.6926195710351	82.75	1.03	p__Bacteroidetes
102	2	2769124	1499900	1499900	1.24577303147132	51.4855956589326	89.77	2.01	o__Clostridiales
103	13	2675211	218848	616988	7.8362417020564	60.9478113624611	79.64	3.69	o__Clostridiales
104	27	1228693	60504	151634	14.8414616181585	31.1210441760159	70.06	0.22	k__Bacteria
105	262	6712393	63519	310119	20.5378320369502	50.9425246066932	69.05	24.74	o__Bacteroidales
106	12	3015409	228446	1042208	11.3063269360806	59.0898706550851	82.23	0.67	o__Clostridiales
107	25	2666150	511874	1086929	4.90482530990379	47.3554654529104	90.29	20.84	k__Bacteria
108	13	3794460	342802	753158	7.52618290876699	50.9561450057312	95.06	18.79	o__Clostridiales
109	198	4668086	54178	230591	21.6689666814193	46.2839390027786	63.91	3.87	o__Bacteroidales
110	2	838341	797249	797249	0.755897659782833	40.7532896476459	60.18	0.00	k__Bacteria
111	30	2519585	329003	565873	7.45273527188009	54.206029915855	87.62	11.59	k__Bacteria
112	29	2789470	144605	462528	9.78583745299286	47.2180177445075	76.72	3.38	k__Bacteria
113	30	2341289	120410	328830	10.7866649525112	43.6667620989093	76.12	2.04	o__Bacteroidales
114	27	1597872	90556	235936	14.2040163417345	29.0565390871757	73.11	2.67	k__Bacteria
115	4	1858888	1629290	1629290	0.483514875560012	38.3060705984107	96.63	4.49	k__Bacteria
116	13	2156757	318556	611375	8.31484492689719	51.6891150414731	80.68	0.02	o__Clostridiales
117	44	3666503	260359	535440	11.2461110764126	45.5443241336331	74.25	1.43	o__Bacteroidales
118	25	2565342	356668	536755	10.6443897148996	49.9097622146015	80.29	0.17	o__Clostridiales
119	40	1968579	107471	166074	14.7552625523284	29.67838818671	57.77	6.96	o__Clostridiales
120	54	1329252	942446	942446	4.29813158076873	39.1523120085464	89.01	23.08	k__Bacteria
121	122	4324561	101274	258230	19.4816306210041	50.2553369177954	90.35	32.46	k__Bacteria
122	12	1392270	1093642	1093642	4.55191880885173	42.171729143386	87.92	0.00	k__Bacteria
123	5	1682148	643032	692990	2.75088755567287	44.2711969259246	91.02	4.49	k__Bacteria
124	8	1166620	264365	329751	9.41326224477551	28.1678799170706	72.30	2.81	k__Bacteria
125	17	1826364	251888	459781	7.29547888591759	33.8452279280524	72.49	0.00	k__Bacteria
126	18	2308929	429331	652232	12.0332413859413	55.8651266068958	74.02	1.69	p__Bacteroidetes
127	102	3438831	92059	218495	17.9425217464889	49.2144071658768	73.06	6.53	o__Bacteroidales
128	7	2899330	606513	704434	11.339378408115	57.0967305229514	79.31	0.67	o__Clostridiales
129	10	2897900	468464	642527	4.21001414817627	46.9783471871085	90.02	0.27	o__Clostridiales
130	31	2665502	168483	292186	14.5424764265793	50.5701812920129	68.89	1.23	o__Clostridiales
131	27	1711908	218733	516754	10.5083333917477	53.7950346439167	82.53	2.46	p__Euryarchaeota
132	34	2245054	148467	232253	15.1276094027137	45.0387340187076	79.53	2.30	k__Bacteria
133	27	3596254	811574	1065201	4.2746980608155	51.1990181625406	81.79	7.44	o__Bacteroidales
134	18	4757043	574234	1127297	5.56084946047366	50.8684786748435	86.76	10.10	o__Bacteroidales
135	7	1354176	1051227	1051227	3.01489614348504	25.8683716209477	91.29	22.67	k__Bacteria
136	5	889546	574640	574640	1.33697414186563	26.4985136494719	69.94	0.00	k__Bacteria
137	19	3584329	822864	1295106	3.75626790955853	58.608159800933	84.95	1.78	k__Bacteria
138	9	2545877	281516	1075994	3.44341065966659	42.3851156857098	89.89	4.30	k__Bacteria
139	19	1491940	132019	243084	11.1351662935507	28.6601398390418	81.01	0.05	k__Bacteria
140	60	3042093	96869	456431	16.5890720632144	52.5203374427277	74.98	3.64	f__Lachnospiraceae
141	8	2704752	645105	812887	8.57934479760067	58.5997423061898	80.74	9.64	c__Clostridia
142	29	2237921	135426	361678	9.51878998409685	51.6906530600554	76.63	3.07	p__Bacteroidetes
143	231	7054789	90003	289918	22.3964883995822	52.5947602490263	76.34	28.34	o__Bacteroidales
144	11	2310114	479269	947239	4.11538131884401	44.9042547236082	80.83	2.28	k__Bacteria
145	8	1470286	775270	775270	10.815038706755	25.4552442891417	75.54	6.90	k__Bacteria
146	71	2762037	139118	333046	17.6708349670913	52.6875559046281	62.80	1.72	o__Clostridiales
147	13	3743316	458719	965447	6.17193418883151	60.5541811717229	71.11	6.22	k__Bacteria
148	24	3054812	184908	454695	14.6768115353744	50.298546344222	50.82	10.08	o__Bacteroidales
149	6	903927	157055	226403	9.63330003418418	26.2214925892056	66.17	1.69	k__Bacteria
150	13	2832029	359601	759206	4.6959617998262	50.6920984439641	87.45	3.23	k__Bacteria
151	35	1929830	119690	280373	8.77149800759653	33.1149552271869	66.23	0.85	k__Bacteria
152	10	1001766	108926	301349	10.2471036150159	27.2668426918055	62.18	0.67	k__Bacteria
153	53	800181	142765	273826	7.20924390856569	42.7946892500141	69.51	2.59	k__Bacteria
154	151	3677645	54085	139386	14.8985560052697	54.067109324801	62.76	1.31	o__Bacteroidales
155	276	3264269	227902	432171	14.7049461916282	47.0310962338287	68.51	6.64	o__Clostridiales
156	9	2179668	250285	398090	3.0703758554055	53.5699545235959	60.56	1.65	k__Bacteria
157	33	3960444	162513	354096	12.11389430074	47.1670765482607	66.88	15.54	o__Bacteroidales
158	47	2087862	91948	479463	10.0987996333091	32.1628033476593	77.22	9.00	k__Bacteria
159	3	2869447	1695790	1695790	0.963042704744155	33.5808865678354	87.18	3.85	k__Bacteria
160	17	1364180	126636	196781	12.0736266475099	26.0211559400204	65.21	2.67	k__Bacteria
161	25	2153155	190304	528425	10.587858282381	55.0525612643376	77.69	2.01	o__Clostridiales
162	94	3032362	109302	386842	21.4951579000133	49.8498036799044	67.38	18.50	o__Selenomonadales
163	65	2520762	88463	229578	19.8793063367347	60.9768910683623	63.59	0.00	o__Clostridiales
164	18	3602953	470719	712142	3.58469844041818	47.7165914655947	87.33	7.95	k__Bacteria
165	12	1563307	249035	382603	6.74966593253916	53.967137905417	52.35	3.76	k__Bacteria
166	17	3749497	303234	709915	6.4552658663282	50.4076315119473	82.46	29.95	k__Bacteria
167	27	2159025	223814	565950	12.0103750535543	53.5323663828	44.13	11.70	o__Bacteroidales
168	22	3834493	215316	370483	7.14670753082611	60.660876579469	84.82	8.67	o__Clostridiales
169	282	7262983	75749	344008	15.0884560792721	48.0305770400435	86.68	85.66	o__Bacteroidales
170	255	3942546	41024	166468	15.8938919165433	46.4373408059659	61.17	27.02	o__Bacteroidales
171	222	4747438	79283	393319	16.8398829010511	58.632944737492	79.65	26.65	o__Clostridiales
172	11	2896885	311059	551450	10.3512566083914	61.109863955663	67.56	3.84	p__Bacteroidetes
173	7	1719182	279879	423967	11.7118490072604	50.8166900991808	42.80	3.02	o__Bacteroidales
174	29	3366311	244497	376750	5.36504202968769	53.914594154453	77.36	6.59	k__Bacteria
175	11	1426149	194364	272400	6.6375953704697	27.0259491831313	81.11	1.12	k__Bacteria
176	18	1248847	121154	237983	7.34005046254665	26.7301312413529	75.47	5.06	k__Bacteria
177	34	2680954	104329	262466	11.6949787277215	52.5645883255886	67.92	0.00	k__Bacteria
178	164	1157437	10246	53774	15.2276970582416	35.6937420631766	56.58	8.34	c__Epsilonproteobacteria
179	4	3052665	821622	1310794	2.60723007601555	58.3646897572379	85.05	8.10	p__Bacteroidetes
180	149	2382591	39226	141235	17.2125219981105	64.9619997495547	62.31	3.18	k__Bacteria
181	281	2476385	14671	77177	13.2265378767841	45.1968383015062	39.32	0.87	f__Spirochaetaceae
182	7	2434589	423062	895595	5.3783205296664	50.1597248539165	78.26	15.27	k__Bacteria
183	36	3222053	108235	286098	11.1576066563772	48.5088290191714	75.88	2.23	o__Bacteroidales
184	20	2916393	260712	426146	17.6775215137329	52.134225962754	60.62	9.28	o__Bacteroidales
185	31	2105248	228344	289574	7.74483576281749	45.9315724436206	67.45	8.82	k__Bacteria
186	31	3363148	145232	271125	14.8652690871767	47.0900986201836	73.51	5.19	o__Bacteroidales
187	19	1096577	100684	190404	9.93692189422175	38.3710793014659	45.24	0.75	o__Rhodospirillales
188	64	1482415	77936	144802	15.4772449010567	29.3859908154812	52.83	1.12	o__Clostridiales
189	147	3314232	70848	260510	15.1649914671031	50.1214776202693	61.17	6.54	o__Bacteroidales
190	75	2577736	122067	319389	13.9600796978434	53.8052520377549	69.47	1.83	p__Bacteroidetes
191	33	2682371	141148	244245	12.0907585117793	40.3368967266201	83.84	0.96	c__Gammaproteobacteria
192	107	3554171	163426	333423	19.2310949585712	53.7443763030517	49.41	16.01	o__Bacteroidales
193	80	2536991	101547	290109	17.0728236718222	54.3045979879792	57.77	2.22	o__Clostridiales
194	44	2010877	83332	218510	13.515197597864	39.6302001664076	61.88	0.00	f__Lachnospiraceae
195	93	2025811	47886	127324	16.5236539835157	54.4156875545881	62.71	0.48	p__Bacteroidetes
196	135	1657447	25168	69938	20.7834699993424	50.6479193768032	37.86	0.23	f__Veillonellaceae
197	59	2581321	101959	187552	15.0847569907036	48.6784963970191	77.87	16.82	o__Clostridiales
198	159	1915183	22503	97149	14.4669726078396	31.1008879723878	78.75	13.33	k__Bacteria
199	14	650049	134831	208634	9.35960212230155	41.6259480963397	50.01	1.71	k__Bacteria
200	181	2461136	34910	130325	16.9052421320886	47.0429201863012	56.51	2.40	o__Clostridiales
201	423	4997092	27542	475588	18.9723943445508	58.9879684585717	57.77	27.47	o__Clostridiales
202	11	2234531	197010	458965	9.28467763481464	48.702555718572	51.17	2.91	o__Bacteroidales
203	18	2476197	172346	340264	9.45009625647717	59.1612054978294	49.29	5.07	k__Bacteria
204	46	1390918	59166	123149	14.6782916030995	52.5840632649536	38.33	0.54	k__Bacteria
205	147	2109030	28214	141442	16.8042180528489	49.6301201852933	49.26	13.11	o__Clostridiales
206	84	4165920	124423	411751	10.0759256058686	51.3771817311838	67.80	24.25	k__Bacteria
207	97	2744836	83177	316476	13.0000116582557	49.7478859986591	57.62	1.38	o__Clostridiales
208	39	2820918	110246	410089	12.1729522091745	42.0535541662681	69.62	0.74	o__Bacteroidales
209	110	2239621	48488	441753	14.205885727987	58.6176262566596	30.84	10.48	p__Bacteroidetes
210	171	1486410	15149	79959	18.1179486144469	48.7416430655417	47.20	8.82	k__Bacteria
211	15	2568645	230012	383333	11.4661231894637	59.6390429532993	55.18	9.08	p__Bacteroidetes
212	98	1717889	45864	149328	9.02846458647794	35.7122838001267	78.50	8.99	k__Bacteria
213	5	3407035	1188909	1523845	1.40717662131443	49.2122573600247	100.00	11.13	k__Bacteria
214	132	5127894	135673	799180	20.149753485544	54.5784045272889	67.39	48.32	o__Bacteroidales
215	15	1706467	252490	553591	11.9476087143789	49.3715164200361	26.74	1.45	o__Bacteroidales
216	190	1705450	15309	52025	16.6522032308188	46.9084846161152	72.77	20.36	k__Bacteria
217	13	1698325	279931	349365	8.42906981879205	42.1458848281733	78.12	48.63	k__Bacteria
218	48	1327539	65648	148534	12.1539932160185	35.5887977087782	51.44	2.99	k__Bacteria
219	52	2100541	55043	446406	19.0249559518238	48.8710775500701	42.53	0.00	o__Clostridiales
220	81	1161169	39448	175960	10.5239633507267	31.0057672613594	60.90	2.25	k__Bacteria
221	189	1232639	7966	42616	16.4379838703789	48.855845237656	52.82	5.99	k__Bacteria
222	114	978604	15575	46040	15.0551193332543	58.0231067012802	46.39	3.67	p__Euryarchaeota
223	64	1436378	34085	306863	16.2623626928288	51.6862059762768	65.69	0.00	o__Clostridiales
224	66	918702	33272	117566	15.943907817769	29.3802971931756	33.27	5.29	k__Bacteria
225	54	2239932	102405	361573	18.5383306278941	56.6282637122223	48.48	2.91	o__Clostridiales
226	147	2596502	59752	227069	16.8143140271026	62.277780915757	71.32	9.01	k__Bacteria
227	271	5368299	45433	201777	15.6311338097971	49.5102085965804	71.28	14.84	k__Bacteria
228	247	3426674	33938	166600	14.1604658044506	46.4194590338545	72.35	24.93	o__Clostridiales
229	141	2047078	38268	119249	20.7230012730341	46.7257228279422	38.11	2.73	o__Clostridiales
230	48	275074	13656	45791	8.5536982775544	59.8938559701047	14.14	0.00	k__Bacteria
231	269	7301589	97249	249316	18.2653392295841	52.8847779522846	80.19	57.68	k__Bacteria
232	299	7255848	110422	443924	16.1972659846237	62.0177222671648	84.26	61.77	o__Clostridiales
233	21	3077858	167974	353555	9.81497521977947	51.2858968350009	84.94	10.13	p__Bacteroidetes
234	62	895268	31741	89474	16.0154277825188	30.5781320863374	36.95	0.55	o__Clostridiales
235	35	3253854	140321	287592	10.7215627990684	48.9239894113233	58.71	3.06	o__Bacteroidales
236	18	662234	41807	162316	19.3493538537737	53.151118899973	14.62	0.00	o__Clostridiales
237	119	3458788	95196	276908	14.5507906237676	48.9924402141494	91.62	44.28	p__Euryarchaeota
238	179	940487	9354	41949	5.36753830728123	56.821414687092	23.41	2.17	p__Firmicutes
239	19	2582249	184685	934533	8.21520310396093	49.4759741311803	75.61	4.03	k__Bacteria
240	33	2670055	97064	269573	18.5513407027196	61.2612910879725	57.91	8.65	c__Clostridia
241	164	5872777	81876	438472	11.5308652107853	44.8175425528741	98.28	97.68	k__Bacteria
242	457	8689324	61067	153878	11.5524406731755	45.9342176398527	90.14	56.61	k__Bacteria
243	5	2730015	609418	1003180	2.47086554469481	46.1954660176672	69.09	2.42	k__Bacteria
244	128	1732568	24930	82139	15.6209741839859	53.928658398111	46.44	0.49	p__Bacteroidetes
245	30	349100	17943	40947	7.71240332283013	56.7404151767978	12.46	0.00	p__Bacteroidetes
246	145	2934632	76214	267658	11.2980094267356	56.0969191460721	44.43	12.41	p__Bacteroidetes
247	94	1112663	37751	128441	15.4548142609218	56.0305431150958	28.58	0.94	o__Clostridiales
248	130	1278823	18351	64308	17.4889722815433	35.4069960290759	42.19	0.57	k__Bacteria
249	11	2201841	448371	816446	3.74250456776852	55.9742988350208	87.06	2.50	p__Bacteroidetes
250	17	3586063	220629	441472	6.62433984009762	58.2749939525341	56.31	27.26	p__Bacteroidetes
251	97	920381	24445	73846	15.450014722164	45.2288796194206	60.20	15.52	k__Bacteria
252	554	7405615	29647	212729	16.2970124695923	50.8181284494011	73.84	65.10	o__Bacteroidales
253	9	622681	82554	105887	18.5422391240459	46.6233720146208	23.17	0.00	o__Clostridiales
254	4	56793	41049	41049	13.1583117637737	56.595701540957	1.18	0.07	o__Clostridiales
255	253	2517189	17729	142050	19.1493765466161	63.578396423284	35.57	4.73	k__Bacteria
256	488	3380356	9483	51372	16.1670841769328	49.9638830693639	41.02	5.75	k__Bacteria
257	100	710301	9417	43734	17.4589364227278	70.1490729843593	18.12	0.00	k__Bacteria
258	10	2688626	306868	431045	7.89421808760311	58.4311777675478	80.70	10.84	o__Clostridiales
259	638	3837608	10247	100267	11.5807815701864	36.4387656073958	74.49	63.23	k__Bacteria
260	137	1181487	17038	48114	11.804361791539	40.1759083318938	20.07	4.52	f__Spirochaetaceae
261	76	1612634	47710	145800	20.0758510610591	50.6338817147237	67.81	7.68	k__Bacteria
262	10	2053469	1098669	1098669	3.03389045561438	58.6253100565547	64.30	0.16	p__Bacteroidetes
263	55	1198063	78029	369474	7.23676467765051	47.6589985981165	20.08	0.06	k__Bacteria
264	22	876943	60190	137756	15.1187705472306	54.1055403299479	20.68	0.37	o__Bacteroidales
265	111	1723515	33114	127000	16.7353344763463	56.2405275249655	48.33	0.00	p__Bacteroidetes
266	232	2023246	14005	197713	11.4616808830958	52.6068078341004	42.42	7.53	k__Bacteria
267	452	2785789	11024	55277	15.9524285579418	33.2503626054289	46.26	7.94	k__Archaea
268	29	1762422	104327	217045	12.5265118115866	37.9513015907611	46.63	8.69	f__Lachnospiraceae
269	214	1599711	11788	70549	19.8298942746534	50.2372728052461	35.80	7.73	o__Clostridiales
270	7	2206364	344496	789082	2.88012313471395	45.5847860154245	75.26	13.03	k__Bacteria
271	108	1106974	33376	177214	15.1437161125736	46.768944478925	54.09	0.00	c__Clostridia
272	100	1092984	17882	80976	12.6157381992783	44.9813421896856	53.30	1.61	c__Clostridia
273	137	3185072	101188	282946	12.7578905594599	51.3102416792744	68.65	5.00	p__Bacteroidetes
274	37	1629102	96222	242825	12.708842049178	48.6657403123071	50.24	1.08	k__Bacteria
275	26	524789	63332	134973	9.91331754286008	43.3972481042378	44.80	0.00	k__Bacteria
276	1131	3823502	6009	86505	9.65109996019356	44.2959775272312	65.57	21.91	o__Bacteroidales
277	31	1070231	74633	212988	9.17073043109385	40.7779994095154	48.48	6.84	k__Bacteria
278	24	2001854	144122	338712	12.7620196078235	47.6480736977182	68.35	0.00	o__Clostridiales
279	129	986012	11161	43892	17.2799114006726	54.7940855534985	36.72	1.34	o__Clostridiales
280	207	1484049	10323	85038	20.0848489504053	63.1196984772087	29.59	4.89	o__Clostridiales
281	269	3883958	51759	361921	16.2519007672071	63.798009125227	71.41	47.54	o__Clostridiales
282	171	5237569	153456	518102	9.42736983512771	48.580421956725	80.88	21.82	k__Bacteria
283	298	3009642	19351	67349	19.4596234369403	58.0486531019065	67.71	26.71	o__Clostridiales
284	167	5257519	67458	268581	15.1377103915364	56.8613726174459	86.04	49.80	o__Clostridiales
285	122	1526129	31897	117163	17.1930420036576	55.8408724572519	37.98	1.27	o__Clostridiales
286	548	4705975	14961	96005	17.3815203013191	47.6224181810466	57.00	17.91	p__Firmicutes
287	52	1142195	31178	105921	16.3047465625397	39.7701584684763	20.34	0.00	o__Clostridiales
288	298	1337537	6899	58121	7.82281163063153	54.4573624548221	16.70	2.03	k__Bacteria
289	702	5424062	11515	64336	19.7647077042998	54.6030663518391	52.00	14.26	k__Bacteria
290	148	6115870	144143	455346	12.5917817088983	54.8424708643633	95.94	59.25	c__Clostridia
291	124	3799672	97758	236096	13.8139555203712	42.462822772901	62.75	2.73	f__Lachnospiraceae
292	409	3765375	18333	168695	16.9258307605484	42.3115457725474	51.01	14.76	g__Butyrivibrio
293	52	2010007	67369	310698	15.6071595770562	39.8016980466922	59.27	0.00	p__Euryarchaeota
294	48	2346600	268234	486826	10.885834824853	56.4274350083423	64.60	5.38	p__Bacteroidetes
295	114	674915	8050	34600	8.61086210856182	38.6192260363587	38.70	5.49	k__Bacteria
296	2351	5331455	2040	147736	7.39704264595687	31.2303515130892	37.14	6.16	o__Bacteroidales
297	32	2688848	108988	237778	15.4846982797094	57.9609221258814	48.90	5.24	p__Bacteroidetes
298	96	598248	17111	92415	7.94085396023054	35.8056948625672	23.21	1.08	c__Clostridia
299	372	2645028	10054	163105	14.5891083194582	55.4318409378428	33.78	5.75	k__Bacteria
300	21	2876269	421474	702057	6.57688832303237	48.8908488705296	76.90	19.19	k__Bacteria
301	166	2499232	60503	228048	8.85456012086913	27.444010718475	66.96	16.84	o__Clostridiales
302	69	1315168	48680	152022	16.2389139638434	60.2892704150966	32.07	4.94	p__Bacteroidetes
303	165	1812052	36390	126420	14.1546158719507	51.1581980286237	28.49	1.56	k__Bacteria
304	103	668068	8396	42260	10.6743624900459	47.5715367754995	2.82	0.73	o__Bacteroidales
305	258	3428073	39250	219222	18.9591936927831	46.8987141747458	54.78	12.81	f__Lachnospiraceae
306	201	2159615	22273	118210	11.3376689826659	44.0657730844255	14.12	1.61	k__Bacteria
307	45	712472	33882	77049	18.3163689239717	29.0528942064323	47.49	11.05	k__Bacteria
308	424	4134227	20559	251150	16.7190625962242	50.2072452028348	69.75	18.52	k__Bacteria
309	280	2338410	12976	96443	19.1340697311421	56.5562140628892	44.69	6.48	o__Clostridiales
310	247	3689304	34044	117133	15.2991458551532	47.218574072794	38.53	10.41	k__Bacteria
311	179	2343009	29218	92615	18.1805959772242	43.1380527021923	55.36	6.64	k__Bacteria
312	287	3161036	28203	161430	20.0686420527953	47.747282082782	67.36	26.89	k__Bacteria
313	21	3120913	396662	709899	2.32973492051845	53.1641583043655	44.26	4.73	k__Bacteria
314	186	2921607	38978	159059	16.0874819919312	49.9751182292011	57.45	5.96	o__Bacteroidales
315	21	3233573	267141	475035	7.26923437324594	62.8387299455031	57.28	9.80	k__Bacteria
316	136	1165787	14485	52714	14.6400671820839	49.9188535998352	17.09	1.26	o__Bacteroidales
317	361	5582969	34870	182888	13.2553664546588	54.6095480294351	81.73	71.08	k__Bacteria
318	224	2232219	18163	70014	21.9173835542122	63.1297637659748	34.62	5.84	p__Actinobacteria
319	115	4251980	103415	362536	16.0014628478967	61.0459567012105	80.94	19.99	o__Clostridiales
320	221	2202092	17856	72007	15.9310328542132	59.705359978739	22.57	5.99	k__Bacteria
321	87	572410	8820	44984	18.359392742964	51.8568686486105	16.03	0.72	f__Lachnospiraceae
322	177	1122447	8267	46068	9.97454668238233	33.3009397439653	26.00	0.00	k__Bacteria
323	134	711110	5909	20614	15.1842893504521	46.0245086904547	20.51	1.45	f__Lachnospiraceae
324	486	3646343	11829	105252	14.5306406994624	30.4066477009831	72.23	45.90	k__Bacteria
325	43	436878	16010	86684	20.2493602332917	29.6426941589435	19.48	1.51	k__Bacteria
326	69	3928805	149267	413595	17.0793154661532	52.5741361019979	46.97	16.84	o__Bacteroidales
327	23	2975626	194390	547613	10.2781061867318	49.038462979083	67.24	3.45	k__Bacteria
328	28	2296269	138879	238907	10.4142850859372	48.0848308492078	64.32	1.34	k__Bacteria
329	153	3088919	39717	261588	16.1959896002453	51.8110682142501	45.75	11.38	o__Bacteroidales
330	107	963362	15007	71312	16.3849103452285	58.7751205438502	10.16	0.00	c__Clostridia
331	671	4910233	10827	126103	11.2362488704711	38.0454132573379	44.70	6.90	k__Bacteria
332	72	452551	8643	31219	12.7419893006534	66.0857409841296	8.07	0.03	k__Bacteria
333	432	2422349	10304	62938	7.18971543737092	34.3105050331623	47.35	10.51	k__Bacteria
334	103	1120433	24756	93317	18.5086479959087	45.3289831072793	55.25	18.73	k__Bacteria
335	3	211891	195695	195695	11.3379048661812	53.0625389238131	5.86	0.00	p__Bacteroidetes
336	16	124351	10240	23920	22.6069754163617	51.2016957782188	2.14	0.00	o__Clostridiales
337	72	278741	5036	15364	12.2680194158735	63.0472919094645	10.79	0.00	c__Deltaproteobacteria
338	339	4404332	26884	184152	15.9598095693059	63.8167519450026	61.04	32.79	k__Bacteria
339	357	3515855	17629	82728	18.5984348046208	54.2141210170229	43.34	12.74	o__Bacteroidales
340	292	2190964	29171	113070	11.4026976253375	53.6210516012539	41.85	12.07	k__Bacteria
341	263	2319667	14413	76151	15.6041362833545	39.4247237706639	60.09	15.83	c__Gammaproteobacteria
342	82	714378	18222	51997	12.7247759589461	43.554753598781	24.24	0.55	f__Lachnospiraceae
343	62	4062179	122604	409019	10.8053830222647	62.5423894878762	57.83	11.51	k__Bacteria
344	136	4705222	87181	239730	17.1082682177377	32.4008778946937	92.06	55.58	k__Archaea
345	72	1774423	81482	300666	12.8449642503507	60.7452057841615	42.46	12.46	p__Bacteroidetes
346	63	1753196	116737	242486	9.29684986732801	32.1980072996924	64.85	6.74	k__Bacteria
347	94	2153281	38589	139028	19.0909593313646	51.6360071381053	44.40	0.00	k__Bacteria
348	83	1058993	29868	134744	11.0836426680818	40.8827146464915	35.65	1.75	k__Bacteria
349	13	195340	23591	80095	4.31145694686188	33.7276238778502	7.40	0.00	k__Bacteria
350	139	1502080	17688	47228	19.9710401576481	50.8889866807975	38.01	0.00	o__Clostridiales
351	156	445830	3640	43649	4.25677948994011	58.0479885299823	20.57	1.75	k__Bacteria
352	387	3548117	14652	71694	16.9702972027134	42.6919837840645	50.09	9.62	o__Clostridiales
353	945	9254685	19329	182496	16.6189556964932	57.1295741819672	42.79	22.61	k__Bacteria
354	913	2317098	2951	29540	8.18752594840615	52.5116986347088	52.06	18.14	k__Bacteria
355	38	3103881	130985	270101	9.50961070994668	49.7934641974939	54.62	6.90	k__Bacteria
356	45	2454944	144232	486738	13.1918284083059	58.1743538054669	52.15	2.07	k__Bacteria
357	94	2585870	59601	186620	15.9884680977775	57.6946358200889	57.41	0.00	k__Bacteria
358	472	3795825	16465	97894	11.5799332160993	38.5439376021781	62.01	26.46	f__Spirochaetaceae
359	426	4866630	25573	336238	18.9307590673628	60.8544003812092	61.36	31.36	k__Bacteria
360	518	4627890	16159	123422	17.6483883584096	50.0854599487503	55.90	36.13	k__Bacteria
361	473	5178803	23071	175877	19.8366302019984	53.3492087082678	75.72	42.51	o__Clostridiales
362	140	1645851	36363	243532	10.0666463732136	40.6492096510601	11.11	0.00	k__Bacteria
363	51	591479	32549	235370	6.84166301762193	47.5314512206631	10.67	0.43	c__Betaproteobacteria
364	35	461935	31222	124601	17.4063450485458	49.5928225639466	5.49	0.00	k__Bacteria
365	92	1086430	21923	336386	15.2733263993078	31.9699379464984	35.89	1.91	k__Bacteria
366	80	385595	7155	17226	12.770653146436	45.7526638759395	11.77	0.16	f__Lachnospiraceae
367	27	139663	5557	20876	18.6377207993527	54.1207219733704	5.70	0.00	k__Bacteria
368	320	5850287	41162	172273	17.0515224295834	60.5071296039091	54.57	26.57	k__Bacteria
369	144	4314925	73791	489106	19.5183230299484	52.9426467522325	63.03	23.97	k__Bacteria
370	863	4809110	8587	53797	14.4750483977285	63.9457824954066	49.22	30.51	k__Bacteria
371	177	2963963	44123	125178	12.8130816747712	46.3364507535829	66.06	8.09	o__Bacteroidales
372	490	6200641	33355	510786	12.5996328444108	34.05216055038	17.43	0.93	k__Archaea
373	173	1502174	17048	146568	12.5700484764082	28.346899151026	34.29	10.49	k__Bacteria
374	28	3303655	201272	321767	13.9224586102362	60.7932609043484	60.34	6.90	k__Bacteria
375	98	1155127	24925	59366	16.6745301598872	40.5250827259835	33.51	0.88	k__Bacteria
376	407	2451502	20092	173874	14.8609301562879	47.2190307907393	33.23	6.90	k__Bacteria
377	155	1301099	12383	73002	13.4985885009519	27.1210490915343	31.93	3.51	k__Bacteria
378	129	1234901	19986	54764	18.9297765569872	25.9745669174149	50.46	22.00	k__Bacteria
379	605	6611070	23380	115900	16.8672544686412	61.5208906026313	60.82	46.56	o__Clostridiales
380	197	1682507	15332	105477	12.1242883387707	48.7880745207184	24.70	1.60	o__Bacteroidales
381	85	2544303	80388	411487	10.8043735356992	57.8490768733859	25.42	3.45	k__Bacteria
382	336	1924996	15538	56031	13.1165467356815	45.6394996002997	37.61	4.00	o__Bacteroidales
383	240	579015	2738	61478	5.77377097311814	41.7979632833807	25.52	1.37	k__Bacteria
384	215	1883446	13694	106017	17.4036314287747	44.4261527919376	33.54	2.85	k__Bacteria
385	343	3029176	15492	88056	20.2337203252634	47.7181066118271	60.17	22.99	o__Clostridiales
386	11	632993	397613	397613	6.33988053580371	46.8660497721223	17.97	0.54	k__Bacteria
387	87	678434	9452	96832	12.1490078622239	46.2889107751367	7.49	0.00	k__Bacteria
388	269	1822344	9998	46767	14.9145276632732	48.1193769952597	41.38	3.45	k__Bacteria
389	110	420200	6425	21041	18.1394574012375	47.1265604195617	12.36	0.00	k__Bacteria
390	154	1347924	14815	69871	11.718390651105	28.2931740238611	34.13	11.08	k__Bacteria
391	212	2500009	26110	138300	12.8933135840711	35.4806387546351	12.34	1.59	k__Bacteria
392	146	975159	8150	34607	17.258826509318	43.8898790121682	19.03	0.76	o__Clostridiales
393	27	3164732	153358	466710	9.24650175749479	51.4240948711833	60.27	2.59	k__Bacteria
394	120	528563	9691	54621	8.90735825246943	49.1380778513008	13.77	0.01	o__Bacteroidales
395	2	762311	629616	629616	3.23463783154119	57.6101500298921	29.31	0.00	k__Bacteria
396	34	2471464	119176	339167	13.317612556768	48.4414122233612	46.79	1.72	k__Bacteria
397	27	1052980	85306	166832	13.555718057323	48.4331072759852	29.31	1.72	k__Bacteria
398	58	2337204	66098	160403	12.1614972420037	50.3259432089685	37.93	6.03	k__Bacteria
399	42	1578124	63949	191507	11.9448154897841	49.5772945121688	38.96	0.80	o__Bacteroidales
400	89	569360	8044	60853	15.2992834059295	34.5472906281363	13.48	0.00	k__Bacteria
401	536	1794811	5251	59390	9.5661883061782	49.2166918445755	34.08	5.17	k__Bacteria
402	412	4682455	22864	285263	14.0181165649216	48.5209247843365	7.29	0.00	k__Bacteria
403	595	1161937	1852	66407	5.43471806130625	42.6167353331713	19.25	2.41	k__Bacteria
404	10	214424	167037	167037	9.77269335522143	31.9870366828794	4.15	0.64	k__Bacteria
405	142	1303635	12837	115328	15.4345349733629	36.5268385604463	63.95	24.14	k__Bacteria
406	383	1038459	3292	83476	9.79595727900668	43.0203089037206	16.12	0.00	k__Archaea
407	19	1509133	125281	262377	17.2267122910969	47.2617176836576	27.27	0.00	k__Bacteria
408	3	278053	114009	124261	19.8426199321712	48.3618987796124	5.80	0.34	k__Bacteria
409	53	1237518	34409	130740	12.8905599756933	45.8692294491162	38.79	0.00	k__Bacteria
410	98	1073194	19170	68449	9.54813388818797	51.3292140711469	9.31	0.34	k__Bacteria
411	98	1195045	27866	168683	9.99594157542185	53.112480696623	36.44	1.72	k__Bacteria
412	560	4536369	11569	150634	18.7881320941925	57.4907642905808	39.03	14.19	k__Bacteria
413	29	645058	94299	152578	8.6865057095641	37.7659691863673	41.90	2.29	k__Bacteria
414	12	1338068	351463	452718	3.34938134683738	36.1294133930691	81.32	28.42	k__Bacteria
415	183	1048483	6588	38129	15.8035943358166	35.5264305578368	33.45	7.19	k__Bacteria
416	21	2941082	218065	299917	11.5136198174685	49.7698521051453	49.70	10.69	k__Bacteria
417	36	1950494	85906	211784	15.738730803581	55.1715199959112	41.72	0.00	k__Bacteria
418	105	305978	4355	61568	0.0555595500330089	40.108172448072	15.82	0.00	k__Bacteria
419	6000	31702543	7768	73044	14.5430352385296	21.0335614926766	8.62	4.08	k__Bacteria
420	1089	2200271	1968	24929	4.10185836199268	48.2825510102042	24.14	5.41	k__Bacteria
421	6	1029849	254056	459185	13.3947792346257	52.2187950931884	16.40	1.02	o__Bacteroidales
422	48	1330130	775691	775691	3.60280574079225	43.5078396016871	19.59	1.18	g__Prevotella
423	160	2083700	40443	111872	17.8005471037097	50.1886979723142	42.54	13.07	o__Selenomonadales
424	25	650502	29869	97220	15.0059492515011	49.2522897946781	18.97	0.00	k__Bacteria
425	388	3433761	13477	109221	15.2997252866463	41.2558773623343	25.55	3.45	k__Bacteria
426	4377	54837029	32529	401064	7.43567270940226	40.0535391119779	75.19	141.57	o__Bacteroidales
427	192	1748678	14404	212182	16.7713552752422	29.2048720593156	20.95	0.00	k__Bacteria
428	86	604750	11358	53645	12.1762711864407	44.5845901256604	20.00	0.00	k__Bacteria
429	115	715066	9818	45137	18.1402835542453	36.8614728598738	15.83	0.00	k__Bacteria
430	95	506321	6282	20978	11.7419581648796	51.9966701650819	7.65	0.00	k__Bacteria
431	354	798729	2134	33736	6.54702658849247	51.3715844359061	18.89	2.74	k__Bacteria
432	92	3578787	95354	275691	17.4876291883255	60.3716226055236	48.16	18.04	p__Bacteroidetes
433	108	1557921	63812	177002	10.7022114728539	31.5734957651333	16.92	1.97	k__Bacteria
434	164	2024626	79437	419465	16.144463224319	58.2772840228984	42.59	1.72	k__Bacteria
435	189	2463936	36960	120091	10.9349025299358	47.4928993163385	66.40	29.14	k__Bacteria
436	61	573417	20692	97598	14.8492283974839	53.9055315819763	5.68	0.35	k__Bacteria
437	112	4994269	176014	320451	12.4054591372631	40.9218263074533	70.69	24.14	k__Bacteria
438	323	4200008	54524	194641	12.4265477589566	38.8327970045339	42.10	10.53	k__Bacteria
439	312	3929711	28230	132945	20.8968802031498	62.6540120005507	53.59	25.28	c__Clostridia
440	380	3134748	12862	102508	14.1246122495333	66.3488952543057	53.01	19.83	k__Bacteria
441	32	1552902	96118	202609	14.0967041062475	49.1598163110179	36.30	8.62	k__Bacteria
442	58	2108965	94717	327276	12.7786852792721	59.8669614622062	32.05	1.72	k__Bacteria
443	38	1135232	106543	314654	7.99704377607397	56.778084479155	20.09	0.00	k__Bacteria
444	202	3175802	44686	222598	14.626447114776	59.9938774644589	41.78	13.89	p__Bacteroidetes
445	108	695834	30200	48611	7.81996855571875	54.8302204483802	3.21	3.45	k__Bacteria
446	117	606399	28903	52198	8.29602291560507	50.1907957676068	22.88	0.00	k__Bacteria
447	158	655952	9095	76262	11.089835841647	51.588969972977	18.10	0.00	k__Bacteria
448	167	604442	5122	25110	14.0188802234127	53.0661566347127	16.46	0.00	k__Bacteria
449	14	77613	7421	23193	5.98353368636697	27.4171223396237	9.00	0.00	k__Bacteria
450	274	734747	3295	131678	8.9336873781043	46.0117739016331	4.17	0.00	root
451	474	3962707	36850	107829	13.8382423933942	59.9888763209735	63.32	18.25	o__Clostridiales
452	99	3787160	106553	424855	14.799348324338	58.4753082497982	77.89	46.76	c__Clostridia
453	190	2539624	27880	141613	15.0527400906591	55.0038218343785	47.75	3.91	o__Clostridiales
454	54	497413	19727	222475	10.0662829479728	29.6178315472278	4.17	0.00	root
455	158	2023907	25145	85831	14.3912739073485	56.5161507779165	29.47	5.17	k__Bacteria
456	483	4514223	16929	129269	13.7648273025059	54.9291932281969	44.75	16.14	k__Bacteria
457	134	1157902	14051	49292	21.7119410796423	43.3513991741855	17.86	3.51	k__Bacteria
458	236	2052372	15416	158970	16.864048038075	52.8208202857831	27.65	3.75	k__Bacteria
459	387	2657107	9059	81096	17.2391627435402	56.6574838884533	29.08	1.72	k__Bacteria
460	662	8868749	24310	197535	15.4237311260021	51.8300108907556	95.03	143.73	k__Bacteria
461	164	995630	7460	38752	11.7578819440957	51.834184152567	21.47	0.00	k__Bacteria
462	496	1246999	2617	182563	6.41885037598266	47.899749433569	23.75	1.75	k__Bacteria
463	175	4498125	87521	277457	13.6044018340975	59.24071492277	48.43	15.82	k__Bacteria
464	11	959601	148226	209238	16.7841634179206	48.3695243819971	15.79	0.00	k__Bacteria
465	39	1226051	51426	176239	5.43036137974685	53.2948617991638	1.25	0.00	k__Bacteria
466	132	1656862	34955	106674	12.6254328966444	51.887369825845	25.86	0.00	k__Bacteria
467	40	553853	33207	81915	13.3699736211594	48.4807306331974	24.14	0.00	k__Bacteria
468	155	1661494	25625	334009	9.99365631172908	53.9253736333545	10.92	0.00	k__Bacteria
469	112	1035812	19394	71517	9.61352060026337	52.6776425551732	9.57	1.75	k__Bacteria
470	388	4627677	36536	200742	10.5174367182498	50.9757148335508	41.02	8.19	o__Clostridiales
471	5	32545	18553	18553	6.63696420341066	41.4085897646865	0.94	0.00	k__Bacteria
472	29	245818	14064	74387	13.6926506602446	59.3290880895932	9.80	0.00	k__Bacteria
473	83	569673	7849	106210	10.2086635666426	45.8803910720465	6.22	0.86	k__Bacteria
474	229	743737	4650	117624	6.67346118318707	51.1149625992647	22.41	5.17	k__Bacteria
475	407	2815135	9384	51039	19.4938786239381	59.1201029317548	44.38	14.56	o__Clostridiales
476	114	272816	2752	13798	6.55020233417395	55.3030837902929	5.80	0.00	k__Bacteria
477	277	2834296	17248	481218	11.8658742770692	43.5410663487567	31.79	10.17	k__Bacteria
478	337	4063237	38373	128754	16.9749881683003	43.3902682167468	47.93	6.03	k__Bacteria
479	17	1859239	228063	296697	16.3672879065037	52.7784494756041	35.34	3.45	k__Bacteria
480	6	665857	145839	297857	11.9178742582867	50.9985490220818	8.33	0.00	root
481	20	186918	21916	75098	18.8221573096224	53.7235725206938	10.28	0.00	k__Archaea
482	196	1540307	21123	77414	10.5680880499796	51.6636346609792	21.87	2.59	k__Bacteria
483	311	1334572	20918	181065	9.28829617285542	44.3697531746314	23.68	1.75	k__Bacteria
484	437	4520936	19452	139939	16.3286761856394	48.3470787080326	47.57	5.17	k__Bacteria
485	96	786098	13942	260998	12.3053359759216	31.3113788611565	25.36	0.16	k__Bacteria
486	288	2076468	11111	49299	21.91899899252	63.6452732854014	25.00	5.17	k__Bacteria
487	256	1086012	8909	36702	12.9225091435454	46.5331531440076	26.15	2.51	k__Bacteria
488	3034	7539458	2727	24519	5.79280367368583	22.1680394756256	5.90	0.29	k__Archaea
489	136	290785	2190	36244	2.20265832144024	49.9040016878824	6.54	0.00	k__Archaea
490	745	1262738	1714	10832	1.81526175659559	30.9880659710796	6.06	0.14	k__Archaea
491	331	2483916	11749	88765	20.7698247444761	56.6434842081675	26.36	3.45	k__Bacteria
492	377	906481	2428	69505	7.85124012527565	50.8839222756554	17.24	2.04	k__Bacteria
493	14	318677	108449	129021	10.2752944203692	56.4900046164822	12.23	1.72	k__Bacteria
494	213	3671729	39976	193160	9.13626795441603	41.7604690267874	2.82	0.00	k__Bacteria
495	39	438273	37416	144398	17.0820470346108	45.0869135707347	8.52	0.00	k__Bacteria
496	104	975671	36657	131975	12.6160355283697	49.9413544769992	8.83	0.00	k__Bacteria
497	121	1354809	21391	58779	18.7581422916441	51.7706455692522	25.86	0.00	k__Bacteria
498	47	318437	12683	41324	22.711870793909	49.4445663391762	7.52	0.00	k__Bacteria
499	233	1567034	9248	93754	11.7853856393671	58.3605634740186	25.65	3.45	k__Bacteria
500	10	56931	5906	9298	0	30.846111960092	4.73	0.00	k__Bacteria
501	291	912741	4032	26505	11.3620402721035	40.9369186747174	11.40	0.00	k__Bacteria
502	299	683720	2415	22360	7.02173404317557	42.2317688383558	10.16	0.00	k__Bacteria
503	706	1143427	1566	14013	2.44956608511081	35.909407952893	15.46	0.00	k__Bacteria
504	173	508601	3657	72648	8.83816587069235	55.5619540601747	13.04	0.36	o__Clostridiales
505	375	2589468	8432	58772	17.4969144241211	33.3268582389647	36.60	24.56	k__Bacteria
506	133	1043489	10291	100735	10.117883370117	50.3079186702349	15.33	4.36	k__Bacteria
507	353	3446866	22964	281302	15.3418496686555	25.5738672327062	87.73	78.39	k__Bacteria
508	284	450859	1527	18615	1.71583577127217	49.2655538078592	19.40	0.92	k__Bacteria
509	131	1005937	11211	55925	15.3009582111007	62.4651562934629	27.40	3.45	k__Bacteria
510	485	9223820	51768	739422	13.2487732848213	56.8619070488968	61.16	18.18	k__Bacteria
511	784	12980664	40259	307224	13.8834885488138	59.1660684197649	70.64	81.19	k__Bacteria
512	1090	13081683	30246	172730	14.2555128418874	49.9325209939143	90.22	123.98	k__Bacteria
513	1	347101	347101	347101	0.81301984148706	59.4546864606903	8.33	0.00	root
514	3	272354	230915	230915	18.1293463653921	48.4411018127349	8.33	0.00	root
515	3	289537	185940	185940	11.2362150605967	50.8953168044077	6.90	0.00	k__Bacteria
516	118	4307531	145823	278855	15.7389232950384	52.272967721814	54.05	28.54	o__Bacteroidales
517	5	387427	119116	150148	8.80991773934186	52.9622553390226	32.76	0.00	k__Bacteria
518	16	907982	65626	163484	14.8924758420321	49.9436436362601	8.62	0.00	k__Bacteria
519	95	2235691	72598	135404	13.4145103236539	51.4411215300881	25.86	6.90	k__Bacteria
520	23	370711	46933	66628	6.78183274842128	42.2788436496224	6.90	0.00	k__Bacteria
521	69	552484	23148	40921	9.16696230117071	39.6087980583376	8.41	0.00	k__Archaea
522	50	470959	16604	45697	9.74203699260445	36.101139085062	1.91	0.00	k__Bacteria
523	75	349817	6026	21278	7.2309235971951	46.0933311146856	16.67	0.00	root
524	1161	2338946	1904	45774	5.38832448461829	37.1204329491043	5.92	0.00	k__Archaea
525	252	454919	1691	9416	3.87981157085107	51.8859100462187	15.99	0.00	k__Bacteria
526	8	558634	297502	297502	19.8045589777923	51.8264549697656	10.50	3.45	k__Bacteria
527	4	190862	144962	144962	19.996646791923	50.4892073138786	3.45	0.00	k__Bacteria
528	229	4107444	41529	330298	10.5488717557683	39.746172929558	3.62	1.72	k__Bacteria
529	44	553999	29641	140378	9.70326661239461	48.1819835559918	0.00	0.00	root
530	60	625936	25144	64789	20.8928708366351	46.304224897003	12.93	0.00	k__Bacteria
531	296	2531384	16014	81579	15.6962357350761	51.503243594814	11.21	0.00	k__Bacteria
532	85	722550	15094	51332	19.0242889765414	53.5194585448393	17.55	0.00	k__Bacteria
533	76	630170	13256	256175	11.3631242363172	32.0511741737279	5.23	0.00	k__Bacteria
534	129	1131767	14795	51945	12.959204500573	45.5531880552107	8.97	0.00	k__Bacteria
535	80	577905	10702	83153	13.8235523139616	55.1134697942645	16.04	0.00	k__Bacteria
536	353	2394995	8673	45623	14.9970250459813	35.9224822270371	6.58	0.00	k__Archaea
537	91	378336	5108	17467	10.3664467563224	56.7849939253825	7.24	1.72	k__Bacteria
538	333	2046548	7655	37165	16.561253388633	55.985720426279	24.14	6.03	k__Bacteria
539	304	734626	2543	20986	6.38447318771729	48.1434412642281	15.52	0.00	k__Bacteria
540	140	287890	2009	22815	4.11233457223245	52.717432648315	0.00	0.00	root
541	121	195402	1570	7785	1.42373158923655	45.9931471290624	4.29	0.00	k__Bacteria
542	450	5710645	27335	168533	21.5470931917498	44.78732600816	63.69	39.48	o__Clostridiales
543	864	1939048	2066	150554	3.74843737751721	41.845213473899	10.48	0.93	k__Archaea
544	139	248914	1733	6096	2.27227074411242	54.2703631535242	6.81	1.07	k__Bacteria
545	6	143640	129456	129456	17.6113895850738	62.6289683377978	4.14	0.00	k__Bacteria
546	30	709094	90675	122269	8.03518292356162	46.3120881682275	15.52	3.24	k__Bacteria
547	2	115998	80714	80714	18.5330781565199	49.5502645502646	3.45	0.00	k__Bacteria
548	57	1193081	85063	179534	13.0555259869196	51.0193595406616	12.07	1.72	k__Bacteria
549	21	389344	71631	164045	2.35370263828388	50.0620758588037	12.07	1.72	k__Bacteria
550	21	781858	47751	187958	12.1273939769114	47.79190118756	17.24	0.00	k__Bacteria
551	363	2477785	26180	163430	11.0903891984171	48.6913007736307	46.04	17.91	o__Bacteroidales
552	20	536082	41307	67462	13.7977025902754	48.3875225863692	12.93	1.72	k__Bacteria
553	51	612426	31553	68317	12.6988403496912	41.779465262646	3.03	0.00	k__Bacteria
554	26	238342	38230	45759	9.32525530540148	30.4151474208296	5.26	0.00	k__Bacteria
555	384	4385675	23761	180552	16.5744155688691	55.0855955886875	13.28	1.72	k__Bacteria
556	52	428667	46969	92194	14.014841357044	58.1019561029871	8.62	0.00	k__Bacteria
557	31	386489	19068	37584	18.6859134412622	52.9344194482451	12.93	0.00	k__Bacteria
558	134	1338616	17510	56801	15.4878620903978	48.3186053480398	13.79	3.45	k__Bacteria
559	76	661452	16946	107119	17.2387414355085	53.3620982562027	15.80	1.72	k__Bacteria
560	201	1784281	15931	70375	16.6566813186936	58.0513879894747	12.50	0.00	root
561	44	319715	11243	38983	18.2781539808892	40.5087321118966	3.45	0.00	k__Bacteria
562	156	1225448	14981	39949	14.1712255436379	57.5511011259884	24.14	0.00	k__Bacteria
563	254	1785352	8336	60914	16.8433451778697	50.9396560375957	20.18	1.75	k__Bacteria
564	55	330403	7108	33182	11.3322215597316	28.0525394165094	14.89	0.31	k__Bacteria
565	46	334684	10166	34864	7.64273165134873	53.4210058070882	4.17	0.00	root
566	234	1269548	5645	27446	22.5897721078683	64.7207863567911	2.08	1.04	root
567	17	95975	18832	29584	19.2873144047929	57.0871630692967	7.05	0.00	k__Bacteria
568	23	70319	3238	17340	3.651929066113	36.8245487151481	3.68	0.00	k__Bacteria
569	507	1183806	2250	35274	7.23615186947861	43.8182970539383	17.24	1.72	k__Bacteria
570	188	383678	1886	17552	2.30297280532113	52.7398210446001	9.09	0.00	k__Bacteria
571	6	511520	160348	181102	18.9924147638411	51.2020657866158	4.17	4.17	root
572	117	2631952	104779	365064	4.87558283737697	30.0758219368764	8.33	0.00	root
573	27	623525	83874	182527	15.8088288360531	47.1407916518241	8.62	0.00	k__Bacteria
574	22	932427	70750	178314	10.9197824601819	49.2392319842814	4.17	4.17	root
575	5	118055	39504	43097	7.28897547753166	52.855185015989	8.33	0.00	root
576	9	251552	39271	73646	6.17367383284569	48.7479980679767	1.72	0.00	k__Bacteria
577	111	716653	31209	100325	15.5880181901143	60.1900020001951	9.56	3.45	k__Bacteria
578	27	362552	26648	62508	16.309384584832	50.8483234570994	5.17	0.00	k__Bacteria
579	149	681755	28663	74537	12.0467029944775	47.6268540723718	4.17	0.00	root
580	105	1319070	36067	113495	16.8570280576467	52.2855548483926	25.86	5.17	k__Bacteria
581	282	5859674	48289	180096	19.6093161496698	50.3650890156565	55.75	43.10	k__Bacteria
582	128	1489187	49364	237206	14.2807451314039	31.2815310375082	5.96	0.00	k__Bacteria
583	18	258022	21834	38886	23.5952748215268	51.2080186262624	9.65	0.00	k__Bacteria
584	488	4853925	23568	277664	13.613230529932	36.7895822447521	3.19	0.32	k__Bacteria
585	4	55305	15237	22500	37.5210197992948	47.3056664930254	0.00	0.00	root
586	25	259521	15112	31281	21.189422050624	48.454994377353	8.33	0.00	root
587	39	261397	14969	55227	5.964873353558	42.4499094810927	5.17	0.00	k__Bacteria
588	204	1856413	16356	327652	11.4223505222168	38.9473274518401	15.86	1.72	k__Bacteria
589	305	3641063	22910	120798	18.8417228704914	54.3023339235147	31.90	11.21	k__Bacteria
590	163	1397699	13853	73637	19.0005859630722	48.6112877695808	26.21	1.72	k__Bacteria
591	28	221762	11543	38694	8.38737024377486	27.2319626701844	3.51	0.00	k__Bacteria
592	180	1345858	10436	42720	16.3357501311431	42.295573187259	1.75	0.00	k__Bacteria
593	203	1350378	8320	42409	23.7703813302646	56.742452797196	17.24	0.00	k__Bacteria
594	37	246064	8037	24519	17.7522920866116	49.2484509491951	3.45	0.00	k__Bacteria
595	157	809673	5287	29524	15.4342555574905	42.1662728236645	9.09	0.00	k__Bacteria
596	52	250101	4825	18164	13.1970683843727	48.9513807319376	12.50	0.00	root
597	536	1150096	2232	14928	3.62813191246644	41.8637655870924	18.97	1.72	k__Bacteria
598	43	94273	2085	12954	1.36730559120851	38.8357136711692	1.75	0.00	k__Bacteria
599	160	294774	1826	10420	3.61734752725817	46.989380910982	14.66	0.00	k__Bacteria
600	127	267026	1955	47950	10.072427404073	52.7251905218007	9.44	1.72	k__Bacteria
601	131	804413	7938	23357	21.4858536597494	37.8049900408184	24.14	3.45	k__Bacteria
602	1001	1827295	1696	68499	2.06857677605422	52.8352675837219	44.43	8.53	k__Bacteria
603	181	1523483	12456	73228	21.6751352000646	44.3343730568038	28.06	3.45	k__Bacteria
604	41	5847403	160114	519732	10.4270391488324	48.8703230354133	63.24	36.36	k__Bacteria
605	688	10863390	42283	254357	14.0921480311395	49.1452294962606	86.88	118.85	o__Bacteroidales
606	350	3348186	16168	270698	15.9984839551925	42.7191987845806	4.42	0.52	k__Bacteria
607	34	166983	5895	18266	13.8756639897475	27.7951228331236	12.28	0.00	k__Bacteria
608	23	93344	3503	10737	3.35533081933493	29.2012149159757	7.24	1.72	k__Bacteria
609	266	460410	1727	9885	1.66047653178689	54.7624043377911	20.13	5.12	k__Bacteria
610	2	226190	220913	220913	1.42092930721959	52.9926987657865	0.00	0.00	root
611	10	640457	131880	152323	16.985527521754	51.7713928888488	10.34	0.00	k__Bacteria
612	1	111189	111189	111189	0	51.1660326111396	5.17	0.00	k__Bacteria
613	9	473379	72161	173536	18.5080031011093	51.3598917478471	4.17	0.00	root
614	10	427613	54392	116019	0.037417010240568	42.2883919401665	0.00	0.00	root
615	20	365320	51964	56175	10.7768531698237	55.135143426906	0.00	0.00	root
616	40	672841	41831	235255	5.06494104847951	35.0917869253337	5.33	0.00	k__Bacteria
617	45	765439	47127	86852	7.01741092366603	50.0450314377042	5.46	0.00	k__Bacteria
618	117	1858324	37301	165925	16.3311672237995	47.138672967859	17.24	0.00	k__Bacteria
619	1	36289	36289	36289	40.521921243352	51.3899184581171	1.72	0.00	k__Bacteria
620	39	476311	36468	69697	12.6215854767158	49.1243245321281	0.00	0.00	root
621	83	911021	22580	47091	17.1830287117421	45.9720602269112	0.00	0.00	root
622	40	539814	19305	47915	12.6871477953517	54.4371529744742	0.00	0.00	root
623	103	405892	15074	58814	5.43962433356656	42.8018331843893	3.45	0.00	k__Bacteria
624	215	1980028	14054	93531	21.8353477829606	51.8821695929784	19.66	6.90	k__Bacteria
625	107	866257	12044	48672	8.47693005655366	42.59489799136	3.68	0.00	k__Bacteria
626	167	1210145	12972	43371	11.4006172814002	50.4308507612054	5.96	1.72	k__Bacteria
627	148	1280432	13096	134663	17.7054306671498	51.3686669969233	0.00	0.00	root
628	276	1873078	9159	59130	12.8859556302514	48.1825859188559	2.59	0.00	k__Bacteria
629	11	53321	5927	13773	4.64544926014141	37.198096137204	2.30	0.00	k__Bacteria
630	71	410299	6092	45661	7.90009237166067	42.1546237611972	4.08	0.00	k__Bacteria
631	19	101513	5387	18697	6.36568715336952	47.7943419848292	12.07	1.72	k__Bacteria
632	292	896423	4891	93865	9.21239191765495	57.381847314156	12.38	0.68	k__Bacteria
633	24	160723	7268	43790	14.0477716319382	54.345796083825	4.17	4.17	root
634	8	56397	9109	21326	21.5153288295477	50.1412014549398	0.00	0.00	root
635	16	49173	3988	7036	5.86704085575417	44.2490494296578	5.26	0.00	k__Bacteria
636	24	47132	2301	5269	6.23567851990155	51.4968433914873	0.00	0.00	root
637	71	168675	2327	18038	13.3623832814584	53.2401324793343	0.00	0.00	root
638	77	145335	1899	7094	3.08803798121581	43.1226792192947	1.29	0.00	k__Archaea
639	114	862834	10420	69208	7.91681829876894	40.8202385072842	11.13	0.00	k__Bacteria
640	66	112137	1687	5807	1.87181750893996	52.2510405496283	0.00	0.00	root
641	116	1565515	89693	195317	12.1383698016308	35.2641646195129	13.60	3.19	k__Bacteria
642	82	369584	230420	230420	5.28729598683926	42.0591184511617	0.00	0.00	root
643	5	291932	216111	216111	18.0781825904663	51.7076719797956	0.00	0.00	root
644	8	249129	197499	197499	6.44525526935845	49.7485755474703	5.17	0.00	k__Bacteria
645	23	726409	114323	157735	24.4143450865835	53.5496055993778	0.00	0.00	root
646	61	2220652	98779	199060	7.31740047517576	37.1695953371899	0.00	0.00	root
647	8	614564	98525	178643	19.2215944962608	51.5539798765196	4.17	0.00	root
648	5	383462	93000	132983	26.704340977724	51.2301600008539	4.17	4.17	root
649	1	83347	83347	83347	17.3287580836743	26.9432834088006	0.00	0.00	root
650	2	88801	63840	63840	0	26.4614137228184	5.17	0.00	k__Bacteria
651	46	600901	30996	66518	14.9626976823137	47.302882639582	8.15	0.37	o__Bacteroidales
652	33	400389	29150	70301	11.4963198289663	45.535177602375	0.34	0.00	k__Bacteria
653	79	1088370	28558	101158	14.7176052261639	47.8846957728391	15.52	0.00	k__Bacteria
654	2	40010	23072	23072	11.6095976005998	45.1435034638767	0.00	0.00	root
655	729	7620176	22730	246126	8.27574061281524	46.8315413724775	14.97	6.90	k__Bacteria
656	12	139638	27398	46272	12.9943138687177	54.4171269126616	0.00	0.00	root
657	30	292176	16944	94210	19.6179699906905	47.433118876593	0.00	0.00	root
658	27	269616	15423	39323	19.8356180642098	49.5951623052152	4.17	0.00	root
659	5	20399	14779	14779	19.5303691357419	42.8388668900396	0.00	0.00	root
660	354	2974569	14825	76111	15.1022887685577	51.8630553259936	2.59	0.00	k__Bacteria
661	12	147914	12935	62981	1.20272590829807	55.3351353200808	0.00	0.00	root
662	73	615748	19994	103408	16.0555941716416	51.4012761034348	3.45	1.72	k__Bacteria
663	80	664609	14370	69707	9.63212956791136	40.2736961636249	4.17	0.00	root
664	20	141169	10761	40746	10.2402085443688	52.6054943060302	0.00	0.00	root
665	90	641529	12861	54184	14.4010637087334	60.2385175419108	10.34	0.00	k__Bacteria
666	32	134515	4955	27047	19.6037616622681	60.0961671829488	4.17	0.00	root
667	38	239931	8083	35016	20.094943963056	43.7149548553336	8.43	0.00	k__Bacteria
668	180	1168032	8660	50516	20.4490972850059	46.0838588863299	33.49	5.17	k__Bacteria
669	47	272230	7584	25562	24.3507328362047	37.5118966689327	0.00	0.00	root
670	69	365892	5794	29573	18.62926765275	51.4498083827911	4.31	1.75	k__Bacteria
671	47	230391	5612	24661	11.1358516608722	44.9747234229614	4.17	0.00	root
672	8	30326	4989	8079	14.0374596056189	45.0726917027888	2.59	0.00	k__Bacteria
673	55	279308	5164	15898	8.95606284102138	50.1106990754759	8.33	0.00	root
674	178	867312	5405	25229	16.6844226760381	37.3754162019136	10.00	0.00	k__Bacteria
675	3	17017	5092	8359	0.117529529294235	55.8274989704065	1.57	1.10	k__Bacteria
676	33	158138	5029	12645	17.3974629753759	65.9738490040268	0.00	0.00	root
677	125	632598	4924	25560	14.2490175435269	25.4887466149515	13.79	0.00	k__Bacteria
678	16	63036	3960	8594	5.61901135858874	38.8392106767069	0.00	0.00	root
679	24	71183	3928	9543	8.08620035682677	46.1338591101533	0.00	0.00	root
680	322	1151115	3372	18959	3.88736138439687	20.4394201923955	0.31	0.00	k__Archaea
681	26	56958	2561	4168	1.5063731170336	48.7361853832442	2.73	0.00	k__Bacteria
682	46	125556	3639	21308	7.19121348243015	45.5345113149742	0.00	0.00	root
683	370	3295202	16946	150637	18.4339837132898	40.2929199539394	37.93	8.62	k__Bacteria
684	224	538132	2583	19733	6.97635524369486	51.7441419125432	28.53	2.59	k__Bacteria
685	2	402113	345454	345454	10.2879041463469	47.2559488168895	0.00	0.00	root
686	1	302500	302500	302500	0.00661157024793388	34.4336815657234	0.31	0.00	k__Bacteria
687	1	273017	273017	273017	0	37.8928784654435	0.00	0.00	root
688	4	299255	273051	273051	0.569414044878114	31.0659349153591	0.00	0.00	root
689	2	249400	246524	246524	3.75180433039294	35.4761438575589	0.00	0.00	root
690	1	223447	223447	223447	0	28.7383585369237	0.00	0.00	root
691	40	338414	220817	220817	13.861719668808	46.442930457215	5.17	0.00	k__Bacteria
692	3	435799	230945	230945	7.70928799744836	51.1262997200412	8.62	1.72	k__Bacteria
693	18	360695	55572	177162	14.4970127115707	38.777905675978	0.00	0.00	root
694	9	621254	157775	200544	19.8260292891474	51.9143357345347	0.00	0.00	root
695	21	1572946	133498	420300	1.60590382632334	38.6994519560169	0.00	0.00	root
696	2	233094	121406	121406	2.12575184260427	29.7432705499717	0.00	0.00	root
697	4	213732	118600	118600	8.74272453352797	40.225895429796	0.00	0.00	root
698	11	728231	105360	271646	18.3153422471716	52.9650182482059	0.00	0.00	root
699	16	199728	103449	103449	6.80625650885204	26.7785573833905	0.00	0.00	root
700	26	874443	67949	128551	0.0903432242010057	28.4009784204942	1.75	0.00	k__Bacteria
701	1	99355	99355	99355	14.6847164209149	53.5834365599009	0.00	0.00	root
702	16	96240	57850	57850	3.97547797173732	36.1308892592032	0.00	0.00	root
703	47	1315124	45871	264195	4.90828241291316	41.0252412092367	0.00	0.00	root
704	1	116725	116725	116725	0.0411222959948597	39.646202764898	0.00	0.00	root
705	15	156267	40418	44681	18.2162580711219	42.7837027879281	0.00	0.00	root
706	22	332089	38439	89258	6.22032045626323	59.0507719181073	0.00	0.00	root
707	66	1035508	37417	245543	12.9121165650096	53.9614017267649	3.61	0.00	k__Bacteria
708	21	208829	33476	40043	15.1286459256138	62.5115664989054	4.17	0.00	root
709	8	129542	28658	44593	7.86694662734866	36.9950817337098	0.00	0.00	root
710	16	166803	26277	32633	7.01066527580439	42.5242893707006	4.17	0.00	root
711	2	33793	23816	23816	4.55715680762288	43.2796949121012	0.00	0.00	root
712	8	81567	22892	28817	2.43235622249194	46.7826043250443	1.72	0.00	k__Bacteria
713	30	295817	20172	37970	8.88961756761782	62.39982190561	5.75	0.00	k__Bacteria
714	17	186883	23953	46382	6.14823178138193	59.6055714880297	0.00	0.00	root
715	21	221426	18445	56437	4.97954169790359	44.2115019011407	1.72	0.00	k__Bacteria
716	27	185483	15046	30917	6.31216877018379	46.941735002158	0.00	0.00	root
717	17	118268	12420	51703	7.33841783068962	43.648541368203	0.00	0.00	root
718	203	1554273	11074	61404	17.1051031575534	44.5099513898106	0.00	0.00	root
719	41	281147	10495	80236	10.6197113965292	48.1682518206057	3.45	0.00	k__Bacteria
720	158	1135151	9908	87854	11.7096315820538	43.0921476029929	11.21	3.45	k__Bacteria
721	72	508743	9549	96823	18.4951930542533	50.5964066079826	0.00	0.00	root
722	58	435152	13765	38531	20.574649777549	46.1019440369653	13.24	1.72	k__Bacteria
723	376	1697292	10824	76491	7.87395451106822	49.689699983628	0.00	0.00	root
724	408	2757962	9227	52251	17.6227591243099	39.4363742240638	0.00	0.00	root
725	58	424610	8691	71037	10.4039000494571	46.0658090496643	0.00	0.00	root
726	48	385456	10859	95807	4.39946453032253	42.6021308121075	0.00	0.00	root
727	178	1207109	9975	72914	15.2905827062842	21.9917166649552	5.96	0.94	k__Bacteria
728	29	200612	9650	38419	23.7991745259506	48.2468534945181	1.72	0.00	k__Bacteria
729	24	149589	8298	35229	2.56302268214909	27.2326849850777	0.00	0.00	root
730	11	65404	9239	16588	5.01957066846064	50.8829542344779	0.00	0.00	root
731	21	120018	5605	27926	13.855421686747	42.8478851715366	3.57	0.00	k__Bacteria
732	18	102309	6460	32521	11.2238414997703	51.6933477198159	1.72	0.00	k__Bacteria
733	112	595936	5567	16746	14.7334613112817	49.5999086855042	4.17	0.00	root
734	100	165043	1686	5458	1.48506752785638	54.3956652233812	6.90	0.00	k__Bacteria
735	62	354832	5817	45537	10.0193894575461	54.1198947632172	0.00	0.00	root
736	57	254436	5613	28292	14.9090537502555	45.0203693268422	7.02	0.00	k__Bacteria
737	50	193865	3796	9967	4.48146906352359	27.9041133618106	0.00	0.00	root
738	6	21657	3491	5722	8.88858105924182	47.390026353132	0.00	0.00	root
739	13	54587	4271	8086	6.94670892337003	29.0126981002067	0.00	0.00	root
740	83	287772	3437	9007	3.34639923272591	24.8027985705143	2.78	0.00	k__Archaea
741	78	217760	3191	35853	3.16265613519471	49.250496744486	0.00	0.00	root
742	53	133441	2984	13273	6.90942064283091	47.549931171058	0.00	0.00	root
743	392	844235	2408	14502	1.98321557386273	23.3051195661106	0.00	0.00	root
744	19	37268	2079	6646	0.810346678115273	41.3488070118487	0.00	0.00	root
745	65	140334	2094	16589	4.77788704091667	45.2349415171856	0.00	0.00	root
746	253	524487	1997	45662	3.39226711052895	52.9878921244536	9.73	0.00	k__Bacteria
747	368	3822935	20772	108908	19.3480140258728	56.9992018222194	65.29	49.14	k__Bacteria
748	1	827515	827515	827515	1.47417267360713	32.9198740120395	0.00	0.00	root
